gene1	gene2	chromosome1	chromosome2	breakpoint1	breakpoint2	fusion_strand1	fusion_strand2	gene_strand1	gene_strand2	type	site1	site2	transcript_id1	transcript_id2	reading_frame	id	protein_id	protein_id_right	retained_peptide1	lost_peptide1	retained_peptide2	lost_peptide2
TMPRSS2	ERG	21	21	41508081	38584945	-	-	-	-	deletion	5'UTR/splice-site	5'UTR/splice-site	ENST00000332149	ENST00000442448	.	1	ENSP00000330330	ENSP00000394694	.	.	.	.
TMPRSS2	ERG	21	21	41507950	38584945	-	-	-	-	deletion	CDS/splice-site	5'UTR/splice-site	ENST00000458356	ENST00000442448	.	2	ENSP00000391216	ENSP00000394694	.	.	.	.
PTEN	PACS1	10	11	87894109	66193486	+	+	+	+	translocation	CDS/splice-site	CDS/splice-site	ENST00000371953	ENST00000320580	in-frame	3	ENSP00000361021	ENSP00000316454	MTAIIKEIVSRNKRRYQEDGFDLDLTYIYPNIIAMGFPAERLEGVYRNNIDDVVR	FLDSKHKNHYKIYNLCAERHYDTAKFNCRVAQYPFEDHNPPQLELIKPFCEDLDQWLSEDDNHVAAIHCKAGKGRTGVMICAYLLHRGKFLKAQEALDFYGEVRTRDKKGVTIPSQRRYVYYYSYLLKNHLDYRPVALLFHKMMFETIPMFSGGTCNPQFVVCQLKVKIYSSNSGPTRREDKFMYFEFPQPLPVCGDIKVEFFHKQNKMLKKDKMFHFWVNTFFIPGPEETSEKVENGSLCDQEIDSICSIERADNDKEYLVLTLTKNDLDKANKDKANRYFSPNFKVKLYFTKTVEEPSNPEASSSTSVTPDVSDNEPDHYRYSDTTDSDPENEPFDEDQHTQITKV	MAERGGAGGGPGGAGGGSGQRGSGVAQSPQQPPPQQQQQQPPQQPTPPKLAQATSSSSSTSAAAASSSSSSTSTSMAVAVASGSAPPGGPGPGRTPAPVQMNLYATWEVDRSSSSCVPR	LFSLTLKKLVMLKEMDKDLNSVVIAVKLQGSKRILRSNEIVLPASGLVETELQLTFSLQYPHFLKRDANKLQIMLQRRKRYKNRTILGYKTLAVGLINMAEVMQHPNEGALVLGLHSNVKDVSVPVAEIKIYSLSSQPIDHEGIKSKLSDRSPDIDNYSEEEEESFSSEQEGSDDPLHGQDLFYEDEDLRKVKKTRRKLTSTSAITRQPNIKQKFVALLKRFKVSDEVGFGLEHVSREQIREVEEDLDELYDSLEMYNPSDSGPEMEETESILSTPKPKLKPFFEGMSQSSSQTEIGSLNSKGSLGKDTTSPMELAALEKIKSTWIKNQDDSLTETDTLEITDQDMFGDASTSLVVPEKVKTPMKSSKTDLQGSASPSKVEGVHTPRQKRSTPLKERQLSKPLSERTNSSDSERSPDLGHSTQIPRKVVYDQLNQILVSDAALPENVILVNTTDWQGQYVAELLQDQRKPVVCTCSTVEVQAVLSALLTRIQRYCNCNSSMPRPVKVAAVGGQSYLSSILRFFVKSLANKTSDWLGYMRFLIIPLGSHPVAKYLGSVDSKYSSSFLDSGWRDLFSRSEPPVSEQLDVAGRVMQYVNGAATTHQLPVAEAMLTCRHKFPDEDSYQKFIPFIGVVKVGLVEDSPSTAGDGDDSPVVSLTVPSTSPPSSSGLSRDATATPPSSPSMSSALAIVGSPNSPYGDVIGLQVDYWLGHPGERRREGDKRDASSKNTLKSVFRSVQVSRLPHSGEAQLSGTMAMTVVTKEKNKKVPTIFLSKKPREKEVDSKSQVIEGISRLICSAKQQQTMLRVSIDGVEWSDIKFFQLAAQWPTHVKHFPVGLFSGSKAT
PDRG1	RUNX1T1	20	8	31950312	92099639	-	+	-	-	translocation/5'-5'	CDS/splice-site	5'UTR	ENST00000202017	.	out-of-frame	4	ENSP00000202017		MLSPEAERVLRYLVEVEELAEEVLADKRQIVDLDTKRNQNREGLRALQKDLSLSE	DVMVCFGNMFIKMPHPETKEMIEKDQDHLDKEIEKLRKQLKVKVNRLFEAQGKPELKGFNLNPLNQDELKALKVILKG	.	.
ZFP91	AL162596.1	11	1	58584884	152860677	+	+	+	+	translocation	CDS/splice-site	5'UTR/splice-site	ENST00000316059	ENST00000650277	out-of-frame	5	ENSP00000339030	ENSP00000497579	MPGETEEPRPPEQQDQEGGEAAKAAPEEPQQRPPEAVAAAPAGTTSSRVLRGGRDRGRAAAAAAAAAVSRRRKAEYPRRRRSSPSARPPDVPGQQPQAAKSPSPVQGKKSPRLLCIEKVTTDKD	PKEEKEEEDDSALPQEVSIAASRPSRGWRSSRTSVSRHRDTENTRSSRSKTGSLQLICKSEPNTDQLDYDVGEEHQSPGGISSEEEEEEEEEMLISEEEIPFKDDPRDETYKPHLERETPKPRRKSGKVKEEKEKKEIKVEVEVEVKEEENEIREDEEPPRKRGRRRKDDKSPRLPKRRKKPPIQYVRCEMEGCGTVLAHPRYLQHHIKYQHLLKKKYVCPHPSCGRLFRLQKQLLRHAKHHTDQRDYICEYCARAFKSSHNLAVHRMIHTGEKPLQCEICGFTCRQKASLNWHMKKHDADSFYQFSCNICGKKFEKKDSVVAHKAKSHPEVLIAEALAANAGALITSTDILGTNPESLTQPSDGQGLPLLPEPLGNSTSGECLLLEAEGMSKSYCSGTERVSLMADGKIFVGSGSSGGTEGLVMNSDILGATTEVLIEDSDSAGP	.	.
ZFP91-CNTF	AL162596.1	11	1	58584884	152860677	+	+	+	+	translocation	CDS/splice-site	5'UTR/splice-site	ENST00000389919	ENST00000650277	out-of-frame	6	ENSP00000455911	ENSP00000497579	MPGETEEPRPPEQQDQEGGEAAKAAPEEPQQRPPEAVAAAPAGTTSSRVLRGGRDRGRAAAAAAAAAVSRRRKAEYPRRRRSSPSARPPDVPGQQPQAAKSPSPVQGKKSPRLLCIEKVTTDKD	PKEEKEEEDDSALPQEVSIAASRPSRGWRSSRTSVSRHRDTENTRSSRSKTGSLQLICKSEPNTDQLDYDVGEEHQSPGGISSEEEEEEEEEMLISEEEIPFKDDPRDETYKPHLERETPKPRRKSGKVKEEKEKKEIKVEVEVEVKEEENEIREDEEPPRKRGRRRKDDKSPRLPKRRKKPPIQYVRCEMEGCGTVLAHPRYLQHHIKYQHLLKKKYVCPHPSCGRLFRLQKQLLRHAKHHTDQRDYICEYCARAFKSSHNLAVHRMIHTGEKPLQCEICGFTCRQKASLNWHMKKHDADSFYQFSCNICGKKFEKKDSVVAHKAKSHPEVLIAEALAANAGALITSTDILGTNPESLTQPSDGQGLPLLPEPLGNSTSGECLLLEAEGMSKSYCSGTERSIHR	.	.
PEMT	SLC35B1	17	17	17576920	49705896	-	-	-	-	duplication	CDS/splice-site	CDS/splice-site	ENST00000255389	ENST00000240333	in-frame	7	ENSP00000255389	ENSP00000240333	MKRSGNPGAEVTNSSVAGPDCCGGLGNIDFRQADFCVMTRLLGYVDPLDPSFVAAVITITFNPLYWNV	VARWEHKTRKLSRAFGSPYLACYSLSVTILLLNFLRSHCFTQAMLSQPRMESLDTPAAYSLGLALLGLGVVLVLSSFFALGFAGTFLGDYFGILKEARVTVFPFNILDNPMYWGSTANYLGWAIMHASPTGLLLTVLVALTYIVALLYEEPFTAEIYRQKASGSHKRS	MASSSSLVPDRLRLPLCFLGVFVCYFYYGILQEKITRGKYGEGAKQETFTFALTLVFIQCVINAVFAKILIQFFDTARVDRTRSWLYAACSISYLGAMVSSNSALQFVNYPTQV	LGKSCKPIPVMLLGVTLLKKKYPLAKYLCVLLIVAGVALFMYKPKKVVGIEEHTVGYGELLLLLSLTLDGLTGVSQDHMRAHYQTGSNHMMLNINLWSTLLLGMGILFTGELWEFLSFAERYPAIIYNILLFGLTSALGQSFIFMTVVYFGPLTCSIITTTRKFFTILASVILFANPISPMQWVGTVLVFLGLGLDAKFGKGAKKTSH
PRPF4B	CAGE1	6	6	4052873	7336531	+	+	+	-	deletion/5'-5'	CDS/splice-site	intron	ENST00000480058	.	out-of-frame	8	ENSP00000433547		MAAAETQSLREQPEMEDANSEKSINEENGEVSEDQSQNKHSRHKKKKHKHRSKHKKHKHSSEEDKDKKHKHKHKHKKHKRKEIIDASDKEGMSPAKRTKLDDLALLEDLEKQRALIKAELDNELMEGKVQSGMGLILQGYESGSEEEGEIHEKARNGNRSSTRSSSTKGKLELVDNKITTKKRSKSRSKERTRHRSDKKKSKGGIEIVKEKTTRSKSKERKKSKSPSKRSKSQDQARKSKSPTLRRRSQEKIGKARSPTDDKVKIEDKSKSKDRKKSPIINESRSRDRGKKSRSPVDLRGKSKDRRSRSKERKSKRSETDKEKKPIKSPSKDASSGKENRSPSRRPGRSPKRRSLSPKPRDKSRRSRSPLLNDRRSKQSKSPSRTLSPGRRAKSRSLERKRREPERRRLSSPRTRPRDDILSRRERSKDASPINRWSPTRRRSRSPIRRRSRSPLRRSRSPRRRSRSPRRRDRGRRSRSRLRRRSRSRGGRRRRSRSKVKEDKFKGSLSEGMKVEQESSSDDNLEDFDVEEEDEEALIEQRRIQRQAIVQKYKYLAEDSNMSVPSEPSSPQSSTRTRSPSPDDILERVAADVKEYERENVDTFEASVKAKHNLMTVEQNNGSSQKKLLAPDMFTESDDMFAAYFDSARLRAAGIGKDFKENPNLRDNWTDAEGYYRVNIGEVLDKRYNVYGYTGQGVFSNVVRARDNARANQEVAVKIIRNNELMQKTGLKELEFLKKLNDADPDDKFHCLRLFRHFYHKQHLCLVFEPLSMNLREVLKKYGKDVGLHIKAVRSYSQQLFLALKLLKRCNILHADIKPDNIL	VNESKTILKLCDFGSASHVADNDITPYLVSRFYRAPEIIIGKSYDYGIDMWSVGCTLYELYTGKILFPGKTNNHMLKLAMDLKGKMPNKMIRKGVFKDQHFDQNLNFMYIEVDKVTEREKVTVMSTINPTKDLLADLIGCQRLPEDQRKKVHQLKDLLDQILMLDPAKRISINQALQHAFIQEKI	.	.
PTDSS1	AC118650.1(287860),HSPA8P13(232337)	8	8	96306556	46316752	+	-	+	.	inversion	CDS/splice-site	intergenic	ENST00000517309	.	out-of-frame	9	ENSP00000430548		MASCVGSRTLSKDDVNYKMHFRMINEQQVEDITIDFFYRPHTITLLSFTIVSLMYFAFTRDDSVPEDNIWRGILSVIFFFLIISVLAFPNGPFTRPHPALWRMVFGLSVLYFLFLVFLLFLNFEQVKSLMYWLDPNLRYATREADVMEYAVNCHVITWERIISHFDIFAFGHFWGWAMKALLIRSYGLCWTISITWELTELFFMHLLPNFAECWWDQVILDILLCNGGGIWLGMVVCRFLEMRTYHWASFKDIHTTTGKIKRAVLQFTPASWTYVRWFDPKSSFQRVAGVYLFMIIWQLTELNTFFLKHIFVFQASHPLSWGRILFIGGITAPTVR	QYYAYLTDTQCKRVGTQCWVFGVIGFLEAIVCIKFGQDLFSKTQILYVVLWLLCVAFTTFLCLYGMIWYAEHYGHREKTYSECEDGTYSPEISWHHRKGTKGSEDSPPKHAGNNESHSSRRRNRHSKSKVTNGVGKK	.	.
FARS2	AL033523.1	6	6	5369182	3643985	+	+	+	-	duplication/5'-5'	CDS/splice-site	intron	ENST00000648580	.	out-of-frame	10	ENSP00000497889		MVGSALRRGAHAYVYLVSKASHISRGHQHQAWGSRPPAAECATQRAPGSVVELLGKSYPQDDHSNLTRKVLTRVGRNLHNQQHHPLWLIKERVKEHFYKQYVGRFGTPLFSVYDNLSPVVTTWQNFDSLLIPADHPSRKKGDNYYLNRTHMLRAHTSAHQWDLLHAGLDAFLVVGDVYRRDQIDSQHYPIFHQLEAVRLFSKHE	LFAGIKDGESLQLFEQSSRSAHKQETHTMEAVKLVEFDLKQTLTRLMAHLFGDELEIRWVDCYFPFTHPSFEMEINFHGEWLEVLGCGVMEQQLVNSAGAQDRIGWAFGLGLERLAMILYDIPDIRLFWCEDERFLKQFCVSNINQKVKFQPLSKYPAVINDISFWLPSENYAENDFYDLVRTIGGDLVEKVDLIDKFVHPKKSPWNWKVASLKHSRNELKSLKEGLGN	.	.
ORM2(879),AKNA(26)	ORM1	9	9	114334130	114323663	+	+	.	+	duplication	intergenic	CDS/splice-site	.	ENST00000259396	.	11		ENSP00000259396	.	.	MALSWVLTVLSLLPLLEAQIPLCANLVPVPITNATLDRI	TGKWFYIASAFRNEEYNKSVQEIQATFFYFTPNKTEDTIFLREYQTRQDQCIYNTTYLNVQRENGTISRYVGGQEHFAHLLILRDTKTYMLAFDVNDEKNWGLSVYADKPETTKEQLGEFYEALDCLRIPKSDVVYTDWKKDKCEPLEKQHEKERKQEEGES
NBEAP4(1688),AC068446.1(31818)	NBEAP1	15	15	21261835	20671268	-	-	.	-	deletion	intergenic	exon/splice-site	.	ENST00000554452	.	12			.	.	.	.
TTLL9	AC068888.1	20	12	31943055	53053574	+	-	+	-	translocation	CDS/splice-site	exon/splice-site	ENST00000310998	ENST00000551890	.	13	ENSP00000308980		.	.	.	.
PTDSS1	TMTC1(158281),AC023511.3(143302)	8	12	96306556	29943040	+	-	+	.	translocation	CDS/splice-site	intergenic	ENST00000517309	.	out-of-frame	14	ENSP00000430548		MASCVGSRTLSKDDVNYKMHFRMINEQQVEDITIDFFYRPHTITLLSFTIVSLMYFAFTRDDSVPEDNIWRGILSVIFFFLIISVLAFPNGPFTRPHPALWRMVFGLSVLYFLFLVFLLFLNFEQVKSLMYWLDPNLRYATREADVMEYAVNCHVITWERIISHFDIFAFGHFWGWAMKALLIRSYGLCWTISITWELTELFFMHLLPNFAECWWDQVILDILLCNGGGIWLGMVVCRFLEMRTYHWASFKDIHTTTGKIKRAVLQFTPASWTYVRWFDPKSSFQRVAGVYLFMIIWQLTELNTFFLKHIFVFQASHPLSWGRILFIGGITAPTVR	QYYAYLTDTQCKRVGTQCWVFGVIGFLEAIVCIKFGQDLFSKTQILYVVLWLLCVAFTTFLCLYGMIWYAEHYGHREKTYSECEDGTYSPEISWHHRKGTKGSEDSPPKHAGNNESHSSRRRNRHSKSKVTNGVGKK	.	.
PDRG1	ARF3	20	12	31950312	48952885	-	-	-	-	translocation	CDS/splice-site	intron	ENST00000202017	.	out-of-frame	15	ENSP00000202017		MLSPEAERVLRYLVEVEELAEEVLADKRQIVDLDTKRNQNREGLRALQKDLSLSE	DVMVCFGNMFIKMPHPETKEMIEKDQDHLDKEIEKLRKQLKVKVNRLFEAQGKPELKGFNLNPLNQDELKALKVILKG	.	.
TNS2	TTLL9	12	20	53053812	31940804	+	-	+	+	translocation/5'-5'	CDS/splice-site	3'UTR	ENST00000314276	.	out-of-frame	16	ENSP00000319756		MDGGGVCVGRGDLLSSPQALGQLLRKESRPRRAMKPRKAEPHSFREKVFRKKPPVCAVCKVTIDGTGVSCRVCKVATHRKCEAKVTSACQALPPVELRRNTAPVRRIEHL	GSTKSLNHSKQRSTLPRSFSLDPLMERRWDLDLTYVTERILAAAFPARPDEQRHRGHLRELAHVLQSKHRDKYLLFNLSEKRHDLTRLNPKVQDFGWPELHAPPLDKLCSICKAMETWLSADPQHVVVLYCKGNKGKLGVIVSAYMHYSKISAGADQALATLTMRKFCEDKVATELQPSQRRYISYFSGLLSGSIRMNSSPLFLHYVLIPMLPAFEPGTGFQPFLKIYQSMQLVYTSGVYHIAGPGPQQLCISLEPALLLKGDVMVTCYHKGGRGTDRTLVFRVQFHTCTIHGPQLTFPKDQLDEAWTDERFPFQASVEFVFSSSPEKIKGSTPRNDPSVSVDYNTTEPAVRWDSYENFNQHHEDSVDGSLTHTRGPLDGSPYAQVQRPPRQTPPAPSPEPPPPPMLSVSSDSGHSSTLTTEPAAESPGRPPPTAAERQELDRLLGGCGVASGGRGAGRETAILDDEEQPTVGGGPHLGVYPGHRPGLSRHCSCRQGYREPCGVPNGGYYRPEGTLERRRLAYGGYEGSPQGYAEASMEKRRLCRSLSEGLYPYPPEMGKPATGDFGYRAPGYREVVILEDPGLPALYPCPACEEKLALPTAALYGLRLEREAGEGWASEAGKPLLHPVRPGHPLPLLLPACGHHHAPMPDYSCLKPPKAGEEGHEGCSYTMCPEGRYGHPGYPALVTYSYGGAVPSYCPAYGRVPHSCGSPGEGRGYPSPGAHSPRAGSISPGSPPYPQSRKLSYEIPTEEGGDRYPLPGHLASAGPLASAESLEPVSWREGPSGHSTLPRSPRDAPCSASSELSGPSTPLHTSSPVQGKESTRRQDTRSPTSAPTQRLSPGEALPPVSQAGTGKAPELPSGSGPEPLAPSPVSPTFPPSSPSDWPQERSPGGHSDGASPRSPVPTTLPGLRHAPWQGPRGPPDSPDGSPLTPVPSQMPWLVASPEPPQSSPTPAFPLAASYDTNGLSQPPLPEKRHLPGPGQQPGPWGPEQASSPARGISHHVTFAPLLSDNVPQTPEPPTQESQSNVKFVQDTSKFWYKPHLSRDQAIALLKDKDPGAFLIRDSHSFQGAYGLALKVATPPPSAQPWKGDPVEQLVRHFLIETGPKGVKIKGCPSEPYFGSLSALVSQHSISPISLPCCLRIPSKDPLEETPEAPVPTNMSTAADLLRQGAACSVLYLTSVETESLTGPQAVARASSAALSCSPRPTPAVVHFKVSAQGITLTDNQRKLFFRRHYPVNSITFSSTDPQDRRWTNPDGTTSKIFGFVAKKPGSPWENVCHLFAELDPDQPAGAIVTFITKVLLGQRK	.	.
PDRG1	AC073610.2	20	12	31950312	48952885	-	-	-	-	translocation	CDS/splice-site	intron	ENST00000202017	.	out-of-frame	17	ENSP00000202017		MLSPEAERVLRYLVEVEELAEEVLADKRQIVDLDTKRNQNREGLRALQKDLSLSE	DVMVCFGNMFIKMPHPETKEMIEKDQDHLDKEIEKLRKQLKVKVNRLFEAQGKPELKGFNLNPLNQDELKALKVILKG	.	.
SDC3	AL449283.1	1	1	30908449	92931150	-	+	-	+	inversion	CDS/splice-site	exon	ENST00000339394	ENST00000602631	out-of-frame	18	ENSP00000344468		MKPGPPHRAGAAHGAGAGAGAAAGPGARGLLLPPLLLLLLAGRAAG	AQRWRSENFERPVDLEGSGDDDSFPDDELDDLYSGSGSGYFEQESGIETAMRFSPDVALAVSTTPAVLPTTNIQPVGTPFEELPSERPTLEPATSPLVVTEVPEEPSQRATTVSTTMATTAATSTGDPTVATVPATVATATPSTPAAPPFTATTAVIRTTGVRRLLPLPLTTVATARATTPEAPSPPTTAAVLDTEAPTPRLVSTATSRPRALPRPATTQEPDIPERSTLPLGTTAPGPTEVAQTPTPETFLTTIRDEPEVPVSGGPSGDFELPEEETTQPDTANEVVAVGGAAAKASSPPGTLPKGARPGPGLLDNAIDSGSSAAQLPQKSILERKEVLVAVIVGGVVGALFAAFLVTLLIYRMKKKDEGSYTLEEPKQASVTYQKPDKQEEFYA	.	.
ZFP91	CA2	11	8	58584884	85463920	+	+	+	+	translocation	CDS/splice-site	intergenic	ENST00000316059	ENST00000520127	out-of-frame	19	ENSP00000339030	ENSP00000428443	MPGETEEPRPPEQQDQEGGEAAKAAPEEPQQRPPEAVAAAPAGTTSSRVLRGGRDRGRAAAAAAAAAVSRRRKAEYPRRRRSSPSARPPDVPGQQPQAAKSPSPVQGKKSPRLLCIEKVTTDKD	PKEEKEEEDDSALPQEVSIAASRPSRGWRSSRTSVSRHRDTENTRSSRSKTGSLQLICKSEPNTDQLDYDVGEEHQSPGGISSEEEEEEEEEMLISEEEIPFKDDPRDETYKPHLERETPKPRRKSGKVKEEKEKKEIKVEVEVEVKEEENEIREDEEPPRKRGRRRKDDKSPRLPKRRKKPPIQYVRCEMEGCGTVLAHPRYLQHHIKYQHLLKKKYVCPHPSCGRLFRLQKQLLRHAKHHTDQRDYICEYCARAFKSSHNLAVHRMIHTGEKPLQCEICGFTCRQKASLNWHMKKHDADSFYQFSCNICGKKFEKKDSVVAHKAKSHPEVLIAEALAANAGALITSTDILGTNPESLTQPSDGQGLPLLPEPLGNSTSGECLLLEAEGMSKSYCSGTERVSLMADGKIFVGSGSSGGTEGLVMNSDILGATTEVLIEDSDSAGP	.	.
ZFP91-CNTF	CA2	11	8	58584884	85463920	+	+	+	+	translocation	CDS/splice-site	intergenic	ENST00000389919	ENST00000520127	out-of-frame	20	ENSP00000455911	ENSP00000428443	MPGETEEPRPPEQQDQEGGEAAKAAPEEPQQRPPEAVAAAPAGTTSSRVLRGGRDRGRAAAAAAAAAVSRRRKAEYPRRRRSSPSARPPDVPGQQPQAAKSPSPVQGKKSPRLLCIEKVTTDKD	PKEEKEEEDDSALPQEVSIAASRPSRGWRSSRTSVSRHRDTENTRSSRSKTGSLQLICKSEPNTDQLDYDVGEEHQSPGGISSEEEEEEEEEMLISEEEIPFKDDPRDETYKPHLERETPKPRRKSGKVKEEKEKKEIKVEVEVEVKEEENEIREDEEPPRKRGRRRKDDKSPRLPKRRKKPPIQYVRCEMEGCGTVLAHPRYLQHHIKYQHLLKKKYVCPHPSCGRLFRLQKQLLRHAKHHTDQRDYICEYCARAFKSSHNLAVHRMIHTGEKPLQCEICGFTCRQKASLNWHMKKHDADSFYQFSCNICGKKFEKKDSVVAHKAKSHPEVLIAEALAANAGALITSTDILGTNPESLTQPSDGQGLPLLPEPLGNSTSGECLLLEAEGMSKSYCSGTERSIHR	.	.
RUNX1T1	ARF3	8	12	92095083	48948489	-	+	-	-	translocation/5'-5'	CDS	intron	ENST00000436581	.	out-of-frame	21	ENSP00000402257		MCHPDKAFTSDKLQCVFNEYKAAVWVPPRPRPLSRAPLPEAGGENLHLKISRVRKRNLPFVVWGEEEAST	PGLDAISHHLCYPDRTHRDRTEKHSTMPDSPVDVKTQSRLTPPTMPPPPTTQGAPRTSSFTPTTLTNGTSHSPTALNGAPSPPNGFSNGPSSSSSSSLANQQLPPACGARQLSKLKRFLTTLQQFGNDISPEIGERVRTLVLGLVNSTLTIEEFHSKLQEATNFPLRPFVIPFLKANLPLLQRELLHCARLAKQNPAQYLAQHEQLLLDASTTSPVDSSELLLDVNENGKRRTPDRTKENGFDREPLHSEHPSKRPCTISPGQRYSPNNGLSYQPNGLPHPTPPPPQHYRLDDMAIAHHYRDSYRHPSHRDLRDRNRPMGLHGTRQEEMIDHRLTDREWAEEWKHLDHLLNCIMDMVEKTRRSLTVLRRCQEADREELNYWIRRYSDAEDLKKGGGSSSSHSRQQSPVNPDPVALDAHREFLHRPASGYVPEEIWKKAEEAVNEVKRQAMTELQKAVSEAERKAHDMITTERAKMERTVAEAKRQAAEDALAVINQQEDSSESCWNCGRKASETCSGCNTARYCGSFCQHKDWEKHHHICGQTLQAQQQGDTPAVSSSVTPNSGAGSPMDTPPAATPRSTTPGTPSTIETTPR	.	.
RUNX1T1	AC073610.2	8	12	92095083	48948489	-	+	-	-	translocation/5'-5'	CDS	intron	ENST00000436581	.	out-of-frame	22	ENSP00000402257		MCHPDKAFTSDKLQCVFNEYKAAVWVPPRPRPLSRAPLPEAGGENLHLKISRVRKRNLPFVVWGEEEAST	PGLDAISHHLCYPDRTHRDRTEKHSTMPDSPVDVKTQSRLTPPTMPPPPTTQGAPRTSSFTPTTLTNGTSHSPTALNGAPSPPNGFSNGPSSSSSSSLANQQLPPACGARQLSKLKRFLTTLQQFGNDISPEIGERVRTLVLGLVNSTLTIEEFHSKLQEATNFPLRPFVIPFLKANLPLLQRELLHCARLAKQNPAQYLAQHEQLLLDASTTSPVDSSELLLDVNENGKRRTPDRTKENGFDREPLHSEHPSKRPCTISPGQRYSPNNGLSYQPNGLPHPTPPPPQHYRLDDMAIAHHYRDSYRHPSHRDLRDRNRPMGLHGTRQEEMIDHRLTDREWAEEWKHLDHLLNCIMDMVEKTRRSLTVLRRCQEADREELNYWIRRYSDAEDLKKGGGSSSSHSRQQSPVNPDPVALDAHREFLHRPASGYVPEEIWKKAEEAVNEVKRQAMTELQKAVSEAERKAHDMITTERAKMERTVAEAKRQAAEDALAVINQQEDSSESCWNCGRKASETCSGCNTARYCGSFCQHKDWEKHHHICGQTLQAQQQGDTPAVSSSVTPNSGAGSPMDTPPAATPRSTTPGTPSTIETTPR	.	.
AL035414.1(11644),HHAT(12068)	ACSL1	1	4	210316184	184775212	.	.	.	-	translocation	intergenic	intron	.	.	.	23			.	.	.	.
JSRP1	OAZ1	19	19	2013073	2271432	-	+	-	+	inversion	intergenic	CDS	ENST00000593238	ENST00000588673	.	24		ENSP00000468437	.	.	MARDAPGEAAHVDGTQGFSAGAAGELGVAHSDSPAAPWEDPRRFPGRRVPLPGARVPAAVVGEPAGSRSSFPDCVPRVPGSPSTAVVTRVRGLG	GAPDAPHPPLKIPGGRGNSQRDHNLSANLFYSDDRLNVTEELTSNDKTRILNVQSRLTDAKRINWRTVLSGGSLYIEIPGGALPEGSKDSFAVLLEFAEEQLRADHVFICFHKN
TIGD5	AC079340.1(2855),AC079340.2(25559)	8	4	143602317	152181428	+	+	+	.	translocation	3'UTR	intergenic	ENST00000504548	.	.	25	ENSP00000421489		.	.	.	.
COPE	AC002985.1	19	19	18899706	18688134	-	+	-	-	inversion/5'-5'	CDS	intergenic	ENST00000262812	.	out-of-frame	26	ENSP00000262812		MAPPAPGPASGGSGEVDELFDVKNAFYIGSYQQCINEAQRVKLSSPERDVERDVFLYRAYLAQRKFGVVLDEIKPSSAPELQAVRMFADYLAHESRRDSIVAELDREMSRSVDVTNTTFLLMAASIYLHDQNPDAALRALHQGDSLECTAMTVQILLKLDRLDLARKELKRMQDLDEDATLTQLATAWVSLATGGEKLQDAYYIFQEMADKCSPTLLLLNGQAACHMAQGRWEAAEGLLQEALDKDSGYPETLVNLIVLSQHLGKPPEVTNRYLSQLKDAHRSHPFIKEYQAKENDFDRL	VLQYAPSA	.	.
FRYL	NIPAL1	4	4	48598829	47926775	-	+	-	+	inversion	intron	intron	.	.	.	27			.	.	.	.
TMEM52B	TTLL9	12	20	10182569	31936653	-	+	+	+	translocation/3'-3'	CDS	intron	.	.	.	28			.	.	.	.
SEC14L2	AC004832.3	22	22	30407508	30186667	-	+	+	+	inversion/3'-3'	CDS	intergenic	.	ENST00000454552	.	29		ENSP00000416788	.	.	.	.
DCHS2	GFUS	4	8	154489644	143616007	-	+	-	-	translocation/5'-5'	CDS	exon	ENST00000357232	.	out-of-frame	30	ENSP00000349768		MSPCGRKMGEGRQQRRAPVGKLLLLPGRRDTPHGRSGSSGARTQRSLLWLLVHVWLWAASGSSAQLFNLTLSVDEGLPPDTLVGDIRAGLPAAQQQEGSGFFLSEDSDDSPLLDDFHVHPDTGIIRTARRLDRERRDHYSFVAATLLGAVVQVEIRVNDVNDHSPRFPLDSLQLDVSELSPPGTAFRLPVAHDPDAGLFSTQGYTLVQPSDLPKDPAGPFFQLRYRTPGPLPSPLLPGSSSPLEPLDLVLLRRLDREEAAAHRLQIEAWDGGRPRRTGLLSVELRVLDENDNPPVFEQDEYRAAVREDAQPGAEVCRVRATDRDLGPNGFVRYSVRARQVPGAGSGGGALGDAAYFAVEELSGVVRVWRPLDREAQAWHQLVVEARDGGAEPEVATVRVSIAVLDVNDNRPAIHVLFLTEGGVARVSEGARPGDYVARVSVSDADGDWEKEDEATGELGVGLGDGSISLSLEGGEGDFALLPGGPPGVFFLCVEGPLDRESRDLYELLLVATDAGSPPLSTEETLLLRVADLNDQPPLFSQQHYKASVSEAAAPGTVVMWVSASDADEAGS	DHAWLRYTVVQLSAPCNLGSLQSKMVHTAECGPSFAIDSESGAISTIRTLDREVQEAVELKVVAQDLGEPPLSATCLVSITVDDVNDNEPIFWRQVYNATIAEHAPVGHCFLQVTASDADSGLYGFIEYSLYDGFLSYEAPQAFRIDPHDGQICVSQDIDRERDPATYDLLVEAKDGGGLSAQAFVRVDLEDVNDNHPVFNPSTYVTSISDETQPGTEIINVLATDQDSGIYGTVAYELIPGNVSSLFTIDSTTGIIYLTLPLSHLESTTLSLMVSAQDGGGLTAVINADVTIHIFQTTLAPAEFERPKYTFLVYEDVPEDSPIGTVKAREPLNSSEPIFYRISSGDLGGKFSIHPRLGTIRTRKPLDHETQPVVVLTVQAQLGSAPACSSTEVNITVMDVNDNHPAFLRTSDEIRISQTTPPGTALYLARAEDRDSGRNGLIRYSIASPQPGVFAIDRALGVLFLNGSLGAGEQRELTLTLRAEDQGVHPQAALLVLTVVIEKREHSPSWTFEHLVYQVEVSESLSPMTQMLQTQAHPLGPQRAASPLRYSLEPSVDSAMFGIRPYTGWIYLRRQFDYESTQTYNFRVFAWIPEDGFLQNVSTTVIVRVWDENDNSPTFLHDVLFLKVEESPVPQGVIGKITAIDMDSGKNGQLLYFLLSDGKFFKMNPNTGELINWVALDREHRGHHEMTVLVTDRGSPPRNATMAVYVSVTDINDNRPFFPQCLPGKELHVKVLEGQPVNMLVTTVFAKDPDEGNNAEVTYSVSSEDSSDHFKIDANNGEIRTTTILSYDYRPSYRMSVIATDQGVPPLQGQAVVNIQVIPLSKGRAIMSQNIRHLIIPENLKPTKIMSLIKSSDHLQQHYNGKLHFSIVADDKDGHFEIDSSTGDLFLSKELDYETTSHYLFRVITTDHSKNLSLSSTVFLSIDVEDQNDHSPSFQDELIVISVEENVPIGTLVYVFNAKDDDGSFLNSRIQYYIESHNPGTNPFLIHPSFGTLVTVSRLDRESIPTVILTVTASDQAVNVTDRRLRSLTAQIVILDVNDHNPTFISFPNAHVKEDVTVGSLVHHITAHDPDEGRNGKVTYSILSGNENMTFMLDESSGLLTTTCPLDYEMKTQHILTVLALDDGTPALSSSQTLTVTVLDVNDEAPVFKQHLYEASVKENQNPGEFVTRVEALDRDSGVNSKLQFEIMPGASFELFEINSDTGEVVTTTILDREIQEVFTLRVLVRDGGFPSLSSTTTILCTVEDENDHAPEFIVSSYDIEVLENQEPEVVYTVLASDMDAGNNRAVEYHIIDGNTDECFTINEMSGELSTTRALDREQISNFTLVILCSDLGDPPRSSVIHLQVRVLDANDHSPSFPTLYYQSSVREDAEVGTVVLVLSAVDKDEGLNGQTEYFLTDEASGAFTIDPMSGTLKTSNTLDREARSQHTFSAVARDCSIQGSRSTTVIIKVYVTDVNDNDPVLEQNPFDVFLSPESPTNQTTVIVRADDLDLGPNGTVVFSFAETQSMFSIDKYTGEIQFQQNPSSEYFPIWLQLKVTDQGIPARTTTGLLVIHMEGEDVKISFSHHLYKGLVTENCEAGTSIVTVKAFAPDSIQDSMKYSIFSGNEDGVLSLCSKSGQLTVKEPKFLDFEVRNEVQLIVLAESSGHRAYCKVAVLIQDENDNSPCFEQSIYQASVSESQLYNAHVIQVFATDLDSGLNGLIEYSILSGNQEEAFQIDALSGVITTKAILDYELTSSYSLIVQATDKGMPRLSNTTVIKVQVTDINDNAPAFLPSEAVEITEDSLPGVIVTHVSVHDVDLNSAFIFSFAKESNPGTKFAIDQNTGVVVLVKTLDFEEMTEYELLIQISDSVHYTEGALVVRVLDVNDNPPVFSQDFYQVTVPESIPVGYSVLTLSATDLESNENISYRILSSSKEFSIDPKNGTIFTISPVLLLDTISTTQFLVEASDGGNPDLRALTLVEIGIEDMNNYAPEFTVKSYNLSLSEDALVGSTLVTFSNIDHDWTRENTYVEYSIISGNSQNNFHVETKFFHSEYPYKQVGYLVLLHSLDREASASHELVILASDSGCPPLSSTAVISIQVLDVNDNPPNFSSLSYHTHVKESTPLGSHITVVSANDRDTGSHAEIIYNIISGNEKGHFYLEENTGVLYLIKPLDYEKMTKFTLTVQASDAEKKHFSFAVVFVSVLDDNDHAPQFMFSSFSCIVPENLPISSTICSINALDFDAGPYGELTYSIVSPCFLTHGMSYDHDLFLIDPLTGDIHAKQILDYENGNKYCLTVQAKDKGDATASLVVWVDIEGIDEFEPIFTQDQYFFTLPEKNKDRQLIGRVEASDADAGIDGVILYSLGTSSPFFSVNKTNGNIYLIRALPLIKSQLNKEDTLEMKIIAHSPKSDSKFASCTVFVNVSFSSEGTPLAVFASSFSISLVVSFLVFLILICILIVMILRHKQKDTINNYEEKKTSSLDADLRVTRDASVLKAFQKTDDCSNEVVPVDATPEWLSLISIMEKDIVNLYRHSNSSGHCSVEGETAEDKEIQRINEHPYRKCSDSALSDHESRVPDSGIPRDSDQLSCLSGETDVMVTAETAEASQTFGEGDQGEGCSTTCAQNNVLPQTVQKREAKESILADVRKESVFISGDQEVRCAALSTQTTSDHDGKDNYHWNYLLSWEPKFQPLASVFNDIAKLKDEHLHMPGIPKEKKSFVFPPPLITAVAQPGIKAVPPRMPAVNLGQVPPKHPRSPIPYHLGSLPEGMTPNFSPSLSLLTMQPPALSPLLREGELLGTHISGTCHELKAEDEVQI	.	.
AC010487.1(2967),ZNF321P(93)	ZNF321P	19	19	52927042	53171265	.	.	.	-	duplication	intergenic	intergenic	.	.	.	31			.	.	.	.
NOL12	GTF2H3(2689),TCTN2(5820)	22	12	37688873	123665293	+	+	+	.	translocation	CDS	intergenic	ENST00000438329	.	out-of-frame	32	ENSP00000403059		MGRNKKKKRDGDDRRPRLVLSFDEEKRREYLTGFHKRKVERKKAAIEEIKQRLKEEQRKLREERHQEYLKMLAEREEALEEADELDRL	VTAKTESVQYDHPNHTVTVTTISDLDLSGARLLGLTPPEGGAGDRSEEEASSTEKPTKALPRKSRDPLLSQRISSLTASLHAHSRKKVKRKHPRRAQDSKKPPRAPRTSKAQRRRLTGKARHSGE	.	.
COQ7	COQ7(2252),AC099518.1(4484)	16	16	19078734	19082347	.	.	+	.	duplication	3'UTR	intergenic	.	.	.	33			.	.	.	.
SSR1	RNF165	6	18	7296295	46366993	-	-	-	+	translocation/5'-5'	intron	intron	.	.	.	34			.	.	.	.
RACK1	RACK1	5	5	181236948	181238098	-	+	-	-	inversion/5'-5'	3'UTR	intron	ENST00000512805	.	stop-codon	35	ENSP00000426909		.	.	.	.
RNF165	AL139095.4	18	6	46366993	7296295	.	.	+	+	translocation	intron	intron	.	.	.	36			.	.	.	.
MALT1	AC104365.2(17362),RNU6-219P(30064)	18	18	58746788	58775204	.	.	+	.	deletion/read-through	intron	intergenic	.	.	.	37			.	.	.	.
GUSBP1	CDH12	5	5	21506929	21965717	.	.	+	-	deletion/5'-5'	intron	intron	.	.	.	38			.	.	.	.
AL109935.1(7560),GPCPD1(990)	BOD1L1	20	4	5543449	13569377	.	.	.	-	translocation	intergenic	3'UTR	.	.	.	39			.	.	.	.
UQCR10	C1orf194	22	1	29769862	109108020	+	-	+	-	translocation	3'UTR	CDS	ENST00000330029	ENST00000369949	.	40	ENSP00000332887	ENSP00000358965	.	.	MERSPSRRRRLEEAPKLPYKN	PTHLAQQQEPWSRLNSTPTITSMRRDAYYFDPEIPKDDLDFRLAALYNHHTGTFKNKSEILLNQKTTQDTYRTKIQFPGEFLTPPTPPITFLANIRHWINPKKESIHSIQGSIVSPHTAATNGGYSRKKDGGFFST
SHLD2	AL356056.1	10	10	87176031	46609130	+	+	+	+	duplication	CDS	exon	ENST00000298786	ENST00000594037	.	41	ENSP00000298786		MSGGSQVHIFWGAPIAPLKITVSEDTASLMSVADPWKKIQLLYSQHSLYLKDEKQHKNLENYKVPESIGSPDLSGHFLANCMNRHVHVKDDFVRSVSETQNIESQKIHSSRLSDITSSNMQICGFKSTVPHFTEEEKYQKLLSENKIRDEQPKHQPDICGKNFNTNLFQLGHKCAAVLDLVCSTEKINIGPEVVQRECVPTEYHEIQNQCLGLFSSNAVDKSRSEAAVRKVSDLKISTDTEFLSIITSSQVAFLAQKKDKRRSPVNKGNVNMETEPKASYGEIRIPEENSIQLDGFTEAYESGQNQAYSLELFSPVCPKTENSRIHINSDKGLEEHTGSQELFSSEDELPPNEIRIELCSSGILCSQLNTFHKSAIKRSCTSEDKVGQSEALSRVLQVAKKMKLISNGGDSAVEMDRRNVSEFKSIKKTSLIKNCDSKSQKYNCLVMVLSPCHVKEINIKFGPNSGSKVPLATVTVIDQSETKKKVFLWRTAAFWAFTVFLGDIILLTDVVIHEDQWIGETVLQSTFSSQLLNLGSYSSIQPEEYSSVVSEVVLQDLLAYVSSKHSYLRDLPPRQPQRVNSIDFVELEHLQPDVLVHAVLRVVDFTILTEAVYSYRGQKQKKVMLTVEQAQDQHYALVLWGPGAAWYPQLQRKKGYIWEFKYLFVQCNYTLENLELHTTPWSSCECLFDDDIRAITFKAKFQ	KSAPSFVKISDLATHLEDKCSGVVLIKAQISELAFPITASQKIALNAHSSLKSIFSSLPNIVYTGCAKCGLELETDENRIYKQCFSCLPFTMKKIYYRPALMTAIDGRHDVCIRVESKLIEKILLNISADCLNRVIVPSSEITYGMVVADLFHSLLAVSAEPCVLKIQSLFVLDENSYPLQQDFSLLDFYPDIVKHGANARL	.	.
EEF1D	SDC4	8	20	143596894	45335807	-	-	-	-	translocation	5'UTR	CDS	ENST00000317198	ENST00000372733	.	42	ENSP00000317399	ENSP00000361818	.	.	MAPARLFALLLFFVGGVAESIRETEVIDPQDLLEGRYFSGALPDDEDVVGPGQESDDF	ELSGSGDLDDLEDSMIGPEVVHPLVPLDNHIPERAGSGSQVPTEPKKLEENEVIPKRISPVEESEDVSNKVSMSSTVQGSNIFERTEVLAALIVGGIVGILFAVFLILLLMYRMKKKDEGSYDLGKKPIYKKAPTNEFYA
EEF1D	SDC4	8	20	143597348	45335920	-	-	-	-	translocation	5'UTR/splice-site	CDS/splice-site	ENST00000529272	ENST00000372733	.	43	ENSP00000434872	ENSP00000361818	.	.	MAPARLFALLLFFVGGVAESI	RETEVIDPQDLLEGRYFSGALPDDEDVVGPGQESDDFELSGSGDLDDLEDSMIGPEVVHPLVPLDNHIPERAGSGSQVPTEPKKLEENEVIPKRISPVEESEDVSNKVSMSSTVQGSNIFERTEVLAALIVGGIVGILFAVFLILLLMYRMKKKDEGSYDLGKKPIYKKAPTNEFYA
PCAT18	KCTD1	18	18	26703392	26643194	-	-	-	-	deletion/read-through	exon/splice-site	intron	ENST00000579458	.	.	44			.	.	.	.
B3GALT6	COG7	1	16	1232750	23405028	.	.	+	-	translocation	CDS	intron	.	.	.	45			.	.	.	.
CAPN2	CAPN2	1	1	223775762	223942276	+	-	+	+	inversion/3'-3'	3'UTR	intergenic	ENST00000433674	.	.	46	ENSP00000413158		.	.	.	.
SUGT1P1	NOL6	9	9	33504545	33472416	-	-	-	-	deletion/read-through	exon	intron	ENST00000379514	ENST00000297990	.	47		ENSP00000297990	.	.	.	.
BCAS2P1	PCF11	11	11	83132534	83157201	+	+	+	+	deletion/read-through	exon	5'UTR	ENST00000528022	ENST00000298281	.	48		ENSP00000298281	.	.	.	.
ATP13A2	RNU11(11694),GMEB1(8351)	1	1	16989379	28660427	-	-	-	.	duplication	intron	intergenic	.	.	.	49			.	.	.	.
AL033523.1	PRPF4B	6	6	3637342	4053421	.	.	-	+	duplication/5'-5'	intron	intron	.	.	.	50			.	.	.	.
CA2	SLC6A17	8	1	85465302	110181520	+	-	+	+	translocation/5'-5'	CDS	intron	ENST00000285379	.	.	51	ENSP00000285379		MSHHWGYGKHNGPEHWHKDFPI	AKGERQSPVDIDTHTAKYDPSLKPLSVSYDQATSLRILNNGHAFNVEFDDSQDKAVLKGGPLDGTYRLIQFHFHWGSLDGQGSEHTVDKKKYAAELHLVHWNTKYGDFGKAVQQPDGLAVLGIFLKVGSAKPGLQKVVDVLDSIKTKGKSADFTNFDPRGLLPESLDYWTYPGSLTTPPLLECVTWIVLKEPISVSSEQVLKFRKLNFNGEGEPEELMVDNWRPAQPLKNRQIKASFK	.	.
FAM234B	TTLL9	12	20	13058454	31937521	+	+	+	+	translocation	CDS	intron	ENST00000197268	.	.	52	ENSP00000197268		MATVLSRALKLPGKKSPDLGEYDPLTQADSDESEDDLVLNLQKNGGVKNGKSPLGEAPEPDSDAEVAEAAKPHLSEVTTEGYPSEPLGGLEQKAASSLVSYVRTSVFLLTLGISMILVLLCAFLIPCPPRDLHSTWSRHLGSQGGG	DLSPLELADVNGDGLRDVLLSFVMSRNGSAVGVSRPAANLVCLSGMNGSTLWSSLLPEEARDITCLELMPGSLAETICLVTGTHKMLSAFNATSGKAIWTLNPNYLSNGTLAAPVVVLPDLDEDGVRDLVVLAIGELQPDLCFLLVSGRTGNPVGRPVKYNIVGVGNLIGPQVYITTNGAVYILFGFGNIQAVALRDIFVQAQNRDSSPPSLQIEEPEWEKRRSINLSELIDVYSDGVELLQMVKAPDSNCSNLLITTRQSLVLLRGQNLTPYWALRLQGLRSQPTPGYFTDDQTLDFLLQIQDGVGMKKMMVVDGDSGSIVWSYRAPCHMKETPATSAVTSDQKSVFLFWAEGLSAASPNSDIILGTEPPSLHHLYLLHPAFPSILLDLANTTGTVTASEVGINDLWKDAFYVTRTTGPSSEGHPAALVVSKLSLRWALMEGQMAQLQESTPKIGRGELRRFLSRIKFVEAPYEI	.	.
PDRG1	MAILR	20	8	31949744	102971613	-	-	-	+	translocation/5'-5'	intron	intron	.	.	.	53			.	.	.	.
CELSR1	PTDSS1	22	8	46408977	96313342	-	+	-	+	translocation	intron	intron	ENST00000262738	.	.	54	ENSP00000262738		.	.	.	.
MTCH2	MED15	11	22	47635562	20500746	-	-	-	+	translocation/5'-5'	CDS	5'UTR	ENST00000302503	.	.	55	ENSP00000303222		MADAASQVLLGSGLTILSQPLMYVKVLIQVGYEPLPPTIGRNIFGRQVCQLPGLFSYAQHIASIDGRRGLFTGLTPRLCSGVLGTVVHGKVLQHYQE	SDKGEELGPGNVQKEVSSSFDHVIKETTREMIARSAATLITHPFHVITLRSMVQFIGRESKYCGLCDSIITIYREEGILGFFAGLVPRLLGDILSLWLCNSLAYLVNTYALDSGVSTMNEMKSYSQAVTGFFASMLTYPFVLVSNLMAVNNCGLAGGCPPYSPIYTSWIDCWCMLQKEGNMSRGNSLFFRKVPFGKTYCCDLKMLI	.	.
DOP1B	CBR3-AS1	21	21	36293665	36145760	+	+	+	-	duplication/5'-5'	3'UTR	intron	ENST00000399151	.	.	56	ENSP00000382104		.	.	.	.
SDC4	AC092862.1(27681),CMAS(9657)	20	12	45333060	22036561	-	-	-	.	translocation	CDS	intergenic	ENST00000372733	.	.	57	ENSP00000361818		MAPARLFALLLFFVGGVAESIRETEVIDPQDLLEGRYFSGALPDDEDVVGPGQESDDFELSGSGDLDDLE	DSMIGPEVVHPLVPLDNHIPERAGSGSQVPTEPKKLEENEVIPKRISPVEESEDVSNKVSMSSTVQGSNIFERTEVLAALIVGGIVGILFAVFLILLLMYRMKKKDEGSYDLGKKPIYKKAPTNEFYA	.	.
HAND1	CIR1P1(5434),MIR3141(30138)	5	5	154477573	154565874	.	.	-	.	deletion/read-through	CDS	intergenic	.	.	.	58			.	.	.	.
GIPC2	AL035414.1(7460),HHAT(16252)	1	1	78080842	210312000	+	+	+	.	deletion	CDS	intergenic	ENST00000370759	.	.	59	ENSP00000359795		MPLKLRGKKKAKSKETAGLVEGEPTGAGGGSLSASRAPARRLVFHAQLAHGSATGRVEGFSSIQELYAQIAGAFEISPSEILYCTLNTPKIDMERLLGGQLGLEDFIFAHVKGIEKEVNVYKSEDSLGLTITDNGV	GYAFIKRIKDGGVIDSVKTICVGDHIESINGENIVGWRHYDVAKKLKELKKEELFTMKLIEPKKAFEIELRSKAGKSSGEKIGCGRATLRLRSKGPATVEEMPSETKAKAIEKIDDVLELYMGIRDIDLATTMFEAGKDKVNPDEFAVALDETLGDFAFPDEFVFDVWGVIGDAKRRGL	.	.
PTDSS1	AC087235.1(242294),SOX5(35711)	8	12	96309625	23493793	+	+	+	.	translocation	intron	intergenic	ENST00000517309	.	.	60	ENSP00000430548		.	.	.	.
SFN	DSCAML1	1	11	26864192	117610853	+	-	+	-	translocation	3'UTR	intron	ENST00000339276	.	.	61	ENSP00000340989		.	.	.	.
SIM2	HLCS	21	21	36742489	36984069	.	.	+	-	duplication/3'-3'	intron	intron	.	.	.	62			.	.	.	.
AC084824.1	CCDC88C	12	14	32726589	91384504	-	-	-	-	translocation	exon	exon	ENST00000550917	ENST00000554165	.	63			.	.	.	.
HSPA8	HSPA6	11	1	123059176	161525980	-	+	-	+	translocation	CDS	CDS	ENST00000453788	ENST00000309758	.	64	ENSP00000404372	ENSP00000310219	MSKGPAVGIDLGTTYSCVGVFQHGKVEIIANDQGNRTTPSYVAFTDTERLIGDAAKNQVAMNPTNTVFDAKRLIGRRFDDAVVQSDMKHWPFMVVNDAGRPKVQVEYKGETKSFYPEEVSSMVLTKMKEIAEAYLGKTVTNAVVTVPAYFNDSQRQATKDAGTIAGLNVLRIINEPTAAAIAYGLDKKVGAERNVLIFDLGGGTFDVSILTIEDGIFEVKSTAGDTHLGGEDFDNRMVNHFIAEFKRKHKKDISENKRAVRRLRTACERAKRTLSSSTQASIEIDSLYEGIDFYTSITRARFEELNADLFRGTLDPVEKALRDAKLDKSQIHDIVLVGGSTRIPKIQKLLQDFFNGKELNKSINPDEAVAYGAAVQAAILSGDKSENVQDLLLLDVTPLSLG	IETAGGVMTVLIKRNTTIPTKQTQTFTTYSDNQPGVLIQVYEGERAMTKDNNLLGKFELTGMPGGMPGGFPGGGAPPSGGASSGPTIEEVD	MQAPRELAVGIDLGTTYSCVGVFQQGRVEILANDQGNRTTPSYVAFTDTERLVGDAAKSQAALNPHNTVFDAKRLIGRKFADTTVQSDMKHWPFRVVSEGGKPKVRVCYRGEDKTFYPEEISSMVLSKMKETAEAYLGQPVKHAVITVPAYFNDSQRQATKDAGAIAGLNVLRIINEPTAAAIAYGLDRRGAGERNVLIFDLGGGTFDVSVLSIDAGVFEVKATAGDTHLGGEDFDNRLVNHFMEEFRRKHGKDLSGNKRALRRLRTACERAKRTLSSSTQATLEIDSLFEGVDFYTSITRARFEELCSDLFRSTLEPVEKALRDAKLDKAQIHDVVLVGGSTRIPKVQKLLQDFFNGKELNKSINPDEAVAYGAAVQAAVLMGDKCEKVQDLLLLDVAPLSLGLETAGGVMTTLIQRNATIPTKQTQTFTTYSDNQPGVF	IQVYEGERAMTKDNNLLGRFELSGIPPAPRGVPQIEVTFDIDANGILSVTATDRSTGKANKITITNDKGRLSKEEVERMVHEAEQYKAEDEAQRDRVAAKNSLEAHVFHVKGSLQEESLRDKIPEEDRRKMQDKCREVLAWLEHNQLAEKEEYEHQKRELEQICRPIFSRLYGGPGVPGGSSCGTQARQGDPSTGPIIEEVD
PDK1	PDK1(16390),AC018712.1(49153)	2	2	172595943	172625059	+	+	+	.	deletion/read-through	CDS	intergenic	ENST00000282077	.	.	65	ENSP00000282077		MRLARLLRGAALAGPGPGLRAAGFSRSFSSDSGSSPASERGVPGQVDFYARFSPSPLSMKQFLDFGSVNACEKTSFMFLRQELPVRLANIMKEISLLPDNLLRTPSVQLVQSWYIQSLQELLDFKDKSAEDAKAIYDFTDTVIRIRNRHNDVIPTMAQGVIEYKESFGVDPVTSQNVQYFLDRFYMSRISIRMLLNQHSLLFGGKGKGSPSHRKHIGSINPNCNVLEVIKDGYENARRLCDLYYINSPELELEELNAKSPGQPIQVVYVPSHLYHMVFELFKNAMRATMEHHANRGVYPPIQVHVTLGNEDLTVKMSDRGGGVPLRKIDRLFNYMYSTAPRPRVETSRAVPLAGFGYGLPISRLYAQYFQGDLKLYSLEGYGTDAVIYIKALSTDSIERLPVYNKAAWKHYNTNHEADDWCVPSREPKD	MTTFRSA	.	.
ZC3H14	EML5	14	14	88388040	88636498	.	.	+	-	duplication/3'-3'	intergenic	intron	.	.	.	66			.	.	.	.
DHRSX	AL683807.2(168296),DHRSX(282434)	X	X	2235905	1937072	-	-	-	.	deletion/read-through	intron	intergenic	.	.	.	67			.	.	.	.
SCHLAP1(10524),RPL27AP3(11367)	UBE2E3	2	2	180927463	180982018	+	+	.	+	deletion/read-through	intergenic	5'UTR/splice-site	.	ENST00000602303	.	68		ENSP00000473525	.	.	.	.
USP34	AC016747.2	2	2	61203261	61158799	-	-	-	-	deletion/read-through	CDS	intron	ENST00000398571	.	.	69	ENSP00000381577		MCENCADLVEVLNEISDVEGGDGLQLRKEHTLKIFTYINSWTQRQCLCCFKEYKHLEIFNQVVCALINLVIAQVQVLRDQLCKHCTTINIDSTWQDESNQAEEPLNIDRECNEGSTERQKSIEKKSNSTRICNLTEEESSKSSDPFSLWSTDEKEKLLLCVAKIFQIQFPLYTAYKHNTHPTIEDISTQESNILGAFCDMNDVEVPLHLLRYVCLFCGKNGLSLMKDCFEYGTPETLPFLIAHAFITVVSNIRIWLHIPAVMQHIIPFRTYVIRYLCKLSDQELRQSAARNMADLMWSTVKEPLDTTLCFDKESLDLAFKYFMSPTLTMRLAGLSQITNQLHTFNDVCNNESLVSDTETSIAKELADWLISNNVVEHIFGPNLHIEIIKQCQVILNFLAAEGRLSTQHIDCIWAAAQLKHCSRYIHDLFPSLIKNLDPVPLRHLLNLVSALEPSVHTEQTLYLASMLIKALWNNALAAKAQLSKQSSFASLLNTNIPIGNKKEEEELRRTAPSPWSPAASPQSSDNSDTHQSGGSDIEMDEQLINRTKHVQQRLSDTEESMQGSSDETANSGEDGSSGPGSSSGHSDGSSNEVNSSHASQSAGSPGSEVQSEDIADIEALKEEDEDDDHGHNPPKSSCGTDLRNRKLESQAGICLGDSQGMSERNGTSSGTGKDLVFNTESLPSVDNRMRMLDACSHSEDPEHDISGEMNATHIAQGSQESCITRTGDFLGETIGNELFNCRQFIGPQHHHHHHHHHHHHDGHMVDDMLSADDVSCSSSQVSAKSEKNMADFDGEESGCEEELVQINSHAELTSHLQQHLPNLASIYHEHLSQGPVVHKHQFNSNAVTDINLDNVCKKGNTLLWDIVQDEDAVNLSEGLINEAEKLLCSLVCWFTDRQIRMRFIEGCLENLGNNRSVVISLRLLPKLFGTFQQFGSSYDTHWITMWAEKELNMMKLFFDNLVYYIQTVREGRQKHALYSHSAEVQVRLQFLTCVFSTLGSPDHFRLSLEQVDILWHCLVEDSECYDDALHWFLNQVRSKDQHAMGMETYKHLFLEKMPQLKPETISMTGLNLFQHLCNLARLATSAYDGCSNSELCGMDQFWGIALRAQSGDVSRAAIQYINSYYINGKTGLEKEQEFISKCMESLMIASSSLEQESHSSLMVIERGLLMLKTHLEAFRRRFAYHLRQWQIEGTGISSHLKALSDKQSLPLRVVCQPAGLPDKMTIEMYPSDQVADLRAEVTHWYENLQKEQINQQAQLQEFGQSNRKGEFPGGLMGPVRMISSGHELTTDYDEKALHELGFKDMQMVFVSLGAPRRERKGEGVQLPASCLPPPQKDNIPMLLLLQEPHLTTLFDLLEMLASFKPPSGKVAVDDSESLRCEELHLHAENLSRRVWELLMLLPTCPNMLMAFQNISDEQSNDGFNWKELLKIKSAHKLLYALEIIEALGKPNRRIRRESTGSYSDLYPDSDDSSEDQVENSKNSWSCKFVAAGGLQQLLEIFNSGILEPKEQESWTVWQLDCLACLLKLICQFAVDPSDLDLAYHDVFAWSGIAESHRKRTWPGKSRKAAGDHAKGLHIPRLTEVFLVLVQGTSLIQRLMSVAYTYDNLAPRVLKAQSDHRSRHEVSHYSMWLLVSWAHCCSLVKSSLADSDHLQDWLKKLTLLIPETAVRHESCSGLYKLSLSGLDGGDSINRSFLLLAASTLLKFLPDAQALKPIRIDDYEEEPILKPGCKEYFWLLCKLVDNIHIKDASQTTLLDLDALARHLADCIRSREILDHQDGNVEDDGLTGLLRLATSVVKHKPPFKFSREGQEFLRDIFNLLFLLPSLKDRQQPKCKSHSSRAAAYDLLVEMVKGSVENYRLIHNWVMAQHMQSHAPYKWDYWPHEDVRAECRFVGLTNLGATCYLASTIQQLYMIPEARQAVFTAKYSEDMKHKTTLLELQKMFTYLMESECKAYNPRPFCKTYTMDKQPLNTGEQKDMTEFFTDLITKIEEMSPELKNTVKSLFGGVITNNVVSLDCEHVSQTAEEFYTVRCQVADMKNIYESLDEVTIKDTLEGDNMYTCSHCGKKVRAEKRACFKKLPRILSFNTMRYTFNMVTMMKEKVNTHFSFPLRLDMTPYTEDFLMGKSERKEGFKEVSDHSKDSESYEYDLIGVTVHTGTADGGHYYSFIRDIVNPHAYKNNKWYLFNDAEVKPFDSAQLASECFGGEMTTKTYDSVTDKFMDFSFEKTHSAYMLFYKRMEPEEENGREYKFDVSSELLEWIWHDNMQFLQDKNIFEHTYFGFMWQLCSCIPSTLPDPKAVSLMTAKLSTSFVLETFIHSKEKPTMLQWIELLTKQFNNSQAACEWFLDRMADDDWWPMQILIKCPNQIVRQMFQRLCIHVIQRLRPVHAHLYLQPGMEDGSDDMDTSVEDIGGRSCVTRFVRTLLLIMEHGVKPHSKHLTEYFAFLYEFAKMGEEESQFLLSLQAISTMVHFYMGTKGPENPQVEVLSEEEGEEEEEEEDILSLAEEKYRPAALEKMIALVALLVEQSRSERHLTLSQTDMAALTGGKGFPFLFQHIRDGINIRQTCNLIFSLCRYNNRLAEHIVSMLFTSIAKLTPEAANPFFKLLTMLMEFAGGPPGMPPFASYILQRIWEVIEYNPSQCLDWLAVQTPRNKLAHSWVLQNMENWVERFLLAHNYPRVRTSAAYLLVSLIPSNSFRQMFRSTRSLHIPTRDLPLSPDTTVVLHQVYNVLLGLLSRAKLYVDAAVHGTTKLVPYFSFMTYCLISKTEKLMFSTYFMDLWNLFQPKLSEPAIATNHNKQALLSFWYNVCADCPENIRLIVQNPVVTKNIAFNYILADHDDQDVVLFNRGMLPAYYGILRLCCEQSPAFTRQLASHQNIQWAFKNLTPHASQYPGAVEELFNLMQLFIAQRPDMREEELEDIKQFKKTTISCYLRCLDGRSCWTTLISAFRILLESDEDRLLVVFNRGLILMTESFNTLHMMYHEATACHVTGDLVELLSIFLSVLKSTRPYLQRKDVKQALIQWQERIEFAHKLLTLLNSYSPPELRNACIDVLKELVLLSPHDFLHTLVPFLQHNHCTYHHSNIPMSLGPYFPCRENIKLIGGKSNIRPPRPELNMCLLPTMVETSKG	KDDVYDRMLLDYFFSYHQFIHLLCRVAINCEKFTETLVKLSVLVAYEGLPLHLALFPKLWTELCQTQSAMSKNCIKLLCEDPVFAEYIKCILMDERTFLNNNIVYTFMTHFLLKVQSQVFSEANCANLISTLITNLISQYQNLQSDFSNRVEISKASASLNGDLRALALLLSVHTPKQLNPALIPTLQELLSKCRTCLQQRNSLQEQEAKERKTKDDEGATPIKRRRVSSDEEHTVDSCISDMKTETREVLTPTSTSDNETRDSSIIDPGTEQDLPSPENSSVKEYRMEVPSSFSEDMSNIRSQHAEEQSNNGRYDDCKEFKDLHCSKDSTLAEEESEFPSTSISAVLSDLADLRSCDGQALPSQDPEVALSLSCGHSRGLFSHMQQHDILDTLCRTIESTIHVVTRISGKGNQAAS	.	.
USP34	AC016747.2	2	2	61204256	61151714	-	-	-	-	deletion/read-through	CDS/splice-site	exon/splice-site	ENST00000398571	ENST00000605902	out-of-frame	70	ENSP00000381577		MCENCADLVEVLNEISDVEGGDGLQLRKEHTLKIFTYINSWTQRQCLCCFKEYKHLEIFNQVVCALINLVIAQVQVLRDQLCKHCTTINIDSTWQDESNQAEEPLNIDRECNEGSTERQKSIEKKSNSTRICNLTEEESSKSSDPFSLWSTDEKEKLLLCVAKIFQIQFPLYTAYKHNTHPTIEDISTQESNILGAFCDMNDVEVPLHLLRYVCLFCGKNGLSLMKDCFEYGTPETLPFLIAHAFITVVSNIRIWLHIPAVMQHIIPFRTYVIRYLCKLSDQELRQSAARNMADLMWSTVKEPLDTTLCFDKESLDLAFKYFMSPTLTMRLAGLSQITNQLHTFNDVCNNESLVSDTETSIAKELADWLISNNVVEHIFGPNLHIEIIKQCQVILNFLAAEGRLSTQHIDCIWAAAQLKHCSRYIHDLFPSLIKNLDPVPLRHLLNLVSALEPSVHTEQTLYLASMLIKALWNNALAAKAQLSKQSSFASLLNTNIPIGNKKEEEELRRTAPSPWSPAASPQSSDNSDTHQSGGSDIEMDEQLINRTKHVQQRLSDTEESMQGSSDETANSGEDGSSGPGSSSGHSDGSSNEVNSSHASQSAGSPGSEVQSEDIADIEALKEEDEDDDHGHNPPKSSCGTDLRNRKLESQAGICLGDSQGMSERNGTSSGTGKDLVFNTESLPSVDNRMRMLDACSHSEDPEHDISGEMNATHIAQGSQESCITRTGDFLGETIGNELFNCRQFIGPQHHHHHHHHHHHHDGHMVDDMLSADDVSCSSSQVSAKSEKNMADFDGEESGCEEELVQINSHAELTSHLQQHLPNLASIYHEHLSQGPVVHKHQFNSNAVTDINLDNVCKKGNTLLWDIVQDEDAVNLSEGLINEAEKLLCSLVCWFTDRQIRMRFIEGCLENLGNNRSVVISLRLLPKLFGTFQQFGSSYDTHWITMWAEKELNMMKLFFDNLVYYIQTVREGRQKHALYSHSAEVQVRLQFLTCVFSTLGSPDHFRLSLEQVDILWHCLVEDSECYDDALHWFLNQVRSKDQHAMGMETYKHLFLEKMPQLKPETISMTGLNLFQHLCNLARLATSAYDGCSNSELCGMDQFWGIALRAQSGDVSRAAIQYINSYYINGKTGLEKEQEFISKCMESLMIASSSLEQESHSSLMVIERGLLMLKTHLEAFRRRFAYHLRQWQIEGTGISSHLKALSDKQSLPLRVVCQPAGLPDKMTIEMYPSDQVADLRAEVTHWYENLQKEQINQQAQLQEFGQSNRKGEFPGGLMGPVRMISSGHELTTDYDEKALHELGFKDMQMVFVSLGAPRRERKGEGVQLPASCLPPPQKDNIPMLLLLQEPHLTTLFDLLEMLASFKPPSGKVAVDDSESLRCEELHLHAENLSRRVWELLMLLPTCPNMLMAFQNISDEQSNDGFNWKELLKIKSAHKLLYALEIIEALGKPNRRIRRESTGSYSDLYPDSDDSSEDQVENSKNSWSCKFVAAGGLQQLLEIFNSGILEPKEQESWTVWQLDCLACLLKLICQFAVDPSDLDLAYHDVFAWSGIAESHRKRTWPGKSRKAAGDHAKGLHIPRLTEVFLVLVQGTSLIQRLMSVAYTYDNLAPRVLKAQSDHRSRHEVSHYSMWLLVSWAHCCSLVKSSLADSDHLQDWLKKLTLLIPETAVRHESCSGLYKLSLSGLDGGDSINRSFLLLAASTLLKFLPDAQALKPIRIDDYEEEPILKPGCKEYFWLLCKLVDNIHIKDASQTTLLDLDALARHLADCIRSREILDHQDGNVEDDGLTGLLRLATSVVKHKPPFKFSREGQEFLRDIFNLLFLLPSLKDRQQPKCKSHSSRAAAYDLLVEMVKGSVENYRLIHNWVMAQHMQSHAPYKWDYWPHEDVRAECRFVGLTNLGATCYLASTIQQLYMIPEARQAVFTAKYSEDMKHKTTLLELQKMFTYLMESECKAYNPRPFCKTYTMDKQPLNTGEQKDMTEFFTDLITKIEEMSPELKNTVKSLFGGVITNNVVSLDCEHVSQTAEEFYTVRCQVADMKNIYESLDEVTIKDTLEGDNMYTCSHCGKKVRAEKRACFKKLPRILSFNTMRYTFNMVTMMKEKVNTHFSFPLRLDMTPYTEDFLMGKSERKEGFKEVSDHSKDSESYEYDLIGVTVHTGTADGGHYYSFIRDIVNPHAYKNNKWYLFNDAEVKPFDSAQLASECFGGEMTTKTYDSVTDKFMDFSFEKTHSAYMLFYKRMEPEEENGREYKFDVSSELLEWIWHDNMQFLQDKNIFEHTYFGFMWQLCSCIPSTLPDPKAVSLMTAKLSTSFVLETFIHSKEKPTMLQWIELLTKQFNNSQAACEWFLDRMADDDWWPMQILIKCPNQIVRQMFQRLCIHVIQRLRPVHAHLYLQPGMEDGSDDMDTSVEDIGGRSCVTRFVRTLLLIMEHGVKPHSKHLTEYFAFLYEFAKMGEEESQFLLSLQAISTMVHFYMGTKGPENPQVEVLSEEEGEEEEEEEDILSLAEEKYRPAALEKMIALVALLVEQSRSERHLTLSQTDMAALTGGKGFPFLFQHIRDGINIRQTCNLIFSLCRYNNRLAEHIVSMLFTSIAKLTPEAANPFFKLLTMLMEFAGGPPGMPPFASYILQRIWEVIEYNPSQCLDWLAVQTPRNKLAHSWVLQNMENWVERFLLAHNYPRVRTSAAYLLVSLIPSNSFRQMFRSTRSLHIPTRDLPLSPDTTVVLHQVYNVLLGLLSRAKLYVDAAVHGTTKLVPYFSFMTYCLISKTEKLMFSTYFMDLWNLFQPKLSEPAIATNHNKQALLSFWYNVCADCPENIRLIVQNPVVTKNIAFNYILADHDDQDVVLFNRGMLPAYYGILRLCCEQSPAFTRQLASHQNIQWAFKNLTPHASQYPGAVEELFNLMQLFIAQRPDMREEELEDIKQFKKTTISCYLRCLDGRSCWTTLISAFRILLESDEDRLLVVFNRGLILMTESFNTLHMMYHEATACHVTGDLVELLSIFLSVLKSTRPYLQRKDVKQALIQWQERIEFAHKLLTLLNSYSPPELRNACIDVLKELVLLSPHDFLHTLVPFLQHNHCTYHHSNIPMSLGPYFPCRENIKLIGGKSNIRPPRPELNMCLLPTMVETSK	GKDDVYDRMLLDYFFSYHQFIHLLCRVAINCEKFTETLVKLSVLVAYEGLPLHLALFPKLWTELCQTQSAMSKNCIKLLCEDPVFAEYIKCILMDERTFLNNNIVYTFMTHFLLKVQSQVFSEANCANLISTLITNLISQYQNLQSDFSNRVEISKASASLNGDLRALALLLSVHTPKQLNPALIPTLQELLSKCRTCLQQRNSLQEQEAKERKTKDDEGATPIKRRRVSSDEEHTVDSCISDMKTETREVLTPTSTSDNETRDSSIIDPGTEQDLPSPENSSVKEYRMEVPSSFSEDMSNIRSQHAEEQSNNGRYDDCKEFKDLHCSKDSTLAEEESEFPSTSISAVLSDLADLRSCDGQALPSQDPEVALSLSCGHSRGLFSHMQQHDILDTLCRTIESTIHVVTRISGKGNQAAS	.	.
USP34	AC016747.2	2	2	61204497	61151714	-	-	-	-	deletion/read-through	CDS/splice-site	exon/splice-site	ENST00000398571	ENST00000605902	out-of-frame	71	ENSP00000381577		MCENCADLVEVLNEISDVEGGDGLQLRKEHTLKIFTYINSWTQRQCLCCFKEYKHLEIFNQVVCALINLVIAQVQVLRDQLCKHCTTINIDSTWQDESNQAEEPLNIDRECNEGSTERQKSIEKKSNSTRICNLTEEESSKSSDPFSLWSTDEKEKLLLCVAKIFQIQFPLYTAYKHNTHPTIEDISTQESNILGAFCDMNDVEVPLHLLRYVCLFCGKNGLSLMKDCFEYGTPETLPFLIAHAFITVVSNIRIWLHIPAVMQHIIPFRTYVIRYLCKLSDQELRQSAARNMADLMWSTVKEPLDTTLCFDKESLDLAFKYFMSPTLTMRLAGLSQITNQLHTFNDVCNNESLVSDTETSIAKELADWLISNNVVEHIFGPNLHIEIIKQCQVILNFLAAEGRLSTQHIDCIWAAAQLKHCSRYIHDLFPSLIKNLDPVPLRHLLNLVSALEPSVHTEQTLYLASMLIKALWNNALAAKAQLSKQSSFASLLNTNIPIGNKKEEEELRRTAPSPWSPAASPQSSDNSDTHQSGGSDIEMDEQLINRTKHVQQRLSDTEESMQGSSDETANSGEDGSSGPGSSSGHSDGSSNEVNSSHASQSAGSPGSEVQSEDIADIEALKEEDEDDDHGHNPPKSSCGTDLRNRKLESQAGICLGDSQGMSERNGTSSGTGKDLVFNTESLPSVDNRMRMLDACSHSEDPEHDISGEMNATHIAQGSQESCITRTGDFLGETIGNELFNCRQFIGPQHHHHHHHHHHHHDGHMVDDMLSADDVSCSSSQVSAKSEKNMADFDGEESGCEEELVQINSHAELTSHLQQHLPNLASIYHEHLSQGPVVHKHQFNSNAVTDINLDNVCKKGNTLLWDIVQDEDAVNLSEGLINEAEKLLCSLVCWFTDRQIRMRFIEGCLENLGNNRSVVISLRLLPKLFGTFQQFGSSYDTHWITMWAEKELNMMKLFFDNLVYYIQTVREGRQKHALYSHSAEVQVRLQFLTCVFSTLGSPDHFRLSLEQVDILWHCLVEDSECYDDALHWFLNQVRSKDQHAMGMETYKHLFLEKMPQLKPETISMTGLNLFQHLCNLARLATSAYDGCSNSELCGMDQFWGIALRAQSGDVSRAAIQYINSYYINGKTGLEKEQEFISKCMESLMIASSSLEQESHSSLMVIERGLLMLKTHLEAFRRRFAYHLRQWQIEGTGISSHLKALSDKQSLPLRVVCQPAGLPDKMTIEMYPSDQVADLRAEVTHWYENLQKEQINQQAQLQEFGQSNRKGEFPGGLMGPVRMISSGHELTTDYDEKALHELGFKDMQMVFVSLGAPRRERKGEGVQLPASCLPPPQKDNIPMLLLLQEPHLTTLFDLLEMLASFKPPSGKVAVDDSESLRCEELHLHAENLSRRVWELLMLLPTCPNMLMAFQNISDEQSNDGFNWKELLKIKSAHKLLYALEIIEALGKPNRRIRRESTGSYSDLYPDSDDSSEDQVENSKNSWSCKFVAAGGLQQLLEIFNSGILEPKEQESWTVWQLDCLACLLKLICQFAVDPSDLDLAYHDVFAWSGIAESHRKRTWPGKSRKAAGDHAKGLHIPRLTEVFLVLVQGTSLIQRLMSVAYTYDNLAPRVLKAQSDHRSRHEVSHYSMWLLVSWAHCCSLVKSSLADSDHLQDWLKKLTLLIPETAVRHESCSGLYKLSLSGLDGGDSINRSFLLLAASTLLKFLPDAQALKPIRIDDYEEEPILKPGCKEYFWLLCKLVDNIHIKDASQTTLLDLDALARHLADCIRSREILDHQDGNVEDDGLTGLLRLATSVVKHKPPFKFSREGQEFLRDIFNLLFLLPSLKDRQQPKCKSHSSRAAAYDLLVEMVKGSVENYRLIHNWVMAQHMQSHAPYKWDYWPHEDVRAECRFVGLTNLGATCYLASTIQQLYMIPEARQAVFTAKYSEDMKHKTTLLELQKMFTYLMESECKAYNPRPFCKTYTMDKQPLNTGEQKDMTEFFTDLITKIEEMSPELKNTVKSLFGGVITNNVVSLDCEHVSQTAEEFYTVRCQVADMKNIYESLDEVTIKDTLEGDNMYTCSHCGKKVRAEKRACFKKLPRILSFNTMRYTFNMVTMMKEKVNTHFSFPLRLDMTPYTEDFLMGKSERKEGFKEVSDHSKDSESYEYDLIGVTVHTGTADGGHYYSFIRDIVNPHAYKNNKWYLFNDAEVKPFDSAQLASECFGGEMTTKTYDSVTDKFMDFSFEKTHSAYMLFYKRMEPEEENGREYKFDVSSELLEWIWHDNMQFLQDKNIFEHTYFGFMWQLCSCIPSTLPDPKAVSLMTAKLSTSFVLETFIHSKEKPTMLQWIELLTKQFNNSQAACEWFLDRMADDDWWPMQILIKCPNQIVRQMFQRLCIHVIQRLRPVHAHLYLQPGMEDGSDDMDTSVEDIGGRSCVTRFVRTLLLIMEHGVKPHSKHLTEYFAFLYEFAKMGEEESQFLLSLQAISTMVHFYMGTKGPENPQVEVLSEEEGEEEEEEEDILSLAEEKYRPAALEKMIALVALLVEQSRSERHLTLSQTDMAALTGGKGFPFLFQHIRDGINIRQTCNLIFSLCRYNNRLAEHIVSMLFTSIAKLTPEAANPFFKLLTMLMEFAGGPPGMPPFASYILQRIWEVIEYNPSQCLDWLAVQTPRNKLAHSWVLQNMENWVERFLLAHNYPRVRTSAAYLLVSLIPSNSFRQMFRSTRSLHIPTRDLPLSPDTTVVLHQVYNVLLGLLSRAKLYVDAAVHGTTKLVPYFSFMTYCLISKTEKLMFSTYFMDLWNLFQPKLSEPAIATNHNKQALLSFWYNVCADCPENIRLIVQNPVVTKNIAFNYILADHDDQDVVLFNRGMLPAYYGILRLCCEQSPAFTRQLASHQNIQWAFKNLTPHASQYPGAVEELFNLMQLFIAQRPDMREEELEDIKQFKKTTISCYLRCLDGRSCWTTLISAFRILLESDEDRLLVVFNRGLILMTESFNTLHMMYHEATACHVTGDLVELLSIFLSVLKSTRPYLQRKDVKQALIQWQERIEFAHKLLTLLNSYSPPELRNACIDVLKELVLLSPHDFLHTLVPFLQHNHCTYHHSNIPM	SLGPYFPCRENIKLIGGKSNIRPPRPELNMCLLPTMVETSKGKDDVYDRMLLDYFFSYHQFIHLLCRVAINCEKFTETLVKLSVLVAYEGLPLHLALFPKLWTELCQTQSAMSKNCIKLLCEDPVFAEYIKCILMDERTFLNNNIVYTFMTHFLLKVQSQVFSEANCANLISTLITNLISQYQNLQSDFSNRVEISKASASLNGDLRALALLLSVHTPKQLNPALIPTLQELLSKCRTCLQQRNSLQEQEAKERKTKDDEGATPIKRRRVSSDEEHTVDSCISDMKTETREVLTPTSTSDNETRDSSIIDPGTEQDLPSPENSSVKEYRMEVPSSFSEDMSNIRSQHAEEQSNNGRYDDCKEFKDLHCSKDSTLAEEESEFPSTSISAVLSDLADLRSCDGQALPSQDPEVALSLSCGHSRGLFSHMQQHDILDTLCRTIESTIHVVTRISGKGNQAAS	.	.
PRPF4B	AL139095.4	6	6	4052873	7298585	+	+	+	+	deletion	CDS/splice-site	exon/splice-site	ENST00000480058	ENST00000379928	out-of-frame	72	ENSP00000433547		MAAAETQSLREQPEMEDANSEKSINEENGEVSEDQSQNKHSRHKKKKHKHRSKHKKHKHSSEEDKDKKHKHKHKHKKHKRKEIIDASDKEGMSPAKRTKLDDLALLEDLEKQRALIKAELDNELMEGKVQSGMGLILQGYESGSEEEGEIHEKARNGNRSSTRSSSTKGKLELVDNKITTKKRSKSRSKERTRHRSDKKKSKGGIEIVKEKTTRSKSKERKKSKSPSKRSKSQDQARKSKSPTLRRRSQEKIGKARSPTDDKVKIEDKSKSKDRKKSPIINESRSRDRGKKSRSPVDLRGKSKDRRSRSKERKSKRSETDKEKKPIKSPSKDASSGKENRSPSRRPGRSPKRRSLSPKPRDKSRRSRSPLLNDRRSKQSKSPSRTLSPGRRAKSRSLERKRREPERRRLSSPRTRPRDDILSRRERSKDASPINRWSPTRRRSRSPIRRRSRSPLRRSRSPRRRSRSPRRRDRGRRSRSRLRRRSRSRGGRRRRSRSKVKEDKFKGSLSEGMKVEQESSSDDNLEDFDVEEEDEEALIEQRRIQRQAIVQKYKYLAEDSNMSVPSEPSSPQSSTRTRSPSPDDILERVAADVKEYERENVDTFEASVKAKHNLMTVEQNNGSSQKKLLAPDMFTESDDMFAAYFDSARLRAAGIGKDFKENPNLRDNWTDAEGYYRVNIGEVLDKRYNVYGYTGQGVFSNVVRARDNARANQEVAVKIIRNNELMQKTGLKELEFLKKLNDADPDDKFHCLRLFRHFYHKQHLCLVFEPLSMNLREVLKKYGKDVGLHIKAVRSYSQQLFLALKLLKRCNILHADIKPDNIL	VNESKTILKLCDFGSASHVADNDITPYLVSRFYRAPEIIIGKSYDYGIDMWSVGCTLYELYTGKILFPGKTNNHMLKLAMDLKGKMPNKMIRKGVFKDQHFDQNLNFMYIEVDKVTEREKVTVMSTINPTKDLLADLIGCQRLPEDQRKKVHQLKDLLDQILMLDPAKRISINQALQHAFIQEKI	.	.
TNRC6B	ASXL2	22	2	40178140	25806337	+	-	+	-	translocation	CDS/splice-site	CDS/splice-site	ENST00000454349	ENST00000435504	in-frame	73	ENSP00000401946	ENSP00000391447	MR	EKEQEREEQLMEDKKRKKEDKKKKEATQKVTEQKTKVPEVTKPSLSQPTAASPIGSSPSPPVNGGNNAKRVAVPNGQPPSAARYMPREVPPRFRCQQDHKVLLKRGQPPPPSCMLLGGGAGPPPCTAPGANPNNAQVTGALLQSESGTAPDSTLGGAAASNYANSTWGSGASSNNGTSPNPIHIWDKVIVDGSDMEEWPCIASKDTESSSENTTDNNSASNPGSEKSTLPGSTTSNKGKGSQCQSASSGNECNLGVWKSDPKAKSVQSSNSTTENNNGLGNWRNVSGQDRIGPGSGFSNFNPNSNPSAWPALVQEGTSRKGALETDNSNSSAQVSTVGQTSREQQSKMENAGVNFVVSGREQAQIHNTDGPKNGNTNSLNLSSPNPMENKGMPFGMGLGNTSRSTDAPSQSTGDRKTGSVGSWGAARGPSGTDTVSGQSNSGNNGNNGKEREDSWKGASVQKSTGSKNDSWDNNNRSTGGSWNFGPQDSNDNKWGEGNKMTSGVSQGEWKQPTGSDELKIGEWSGPNQPNSSTGAWDNQKGHPLPENQGNAQAPCWGRSSSSTGSEVGGQSTGSNHKAGSSDSHNSGRRSYRPTHPDCQAVLQTLLSRTDLDPRVLSNTGWGQTQIKQDTVWDIEEVPRPEGKSDKGTEGWESAATQTKNSGGWGDAPSQSNQMKSGWGELSASTEWKDPKNTGGWNDYKNNNSSNWGGGRPDEKTPSSWNENPSKDQGWGGGRQPNQGWSSGKNGWGEEVDQTKNSNWESSASKPVSGWGEGGQNEIGTWGNGGNASLASKGGWEDCKRSPAWNETGRQPNSWNKQHQQQQPPQQPPPPQPEASGSWGGPPPPPPGNVRPSNSSWSSGPQPATPKDEEPSGWEEPSPQSISRKMDIDDGTSAWGDPNSYNYKNVNLWDKNSQGGPAPREPNLPTPMTSKSASVWSKSTPPAPDNGTSAWGEPNESSPGWGEMDDTGASTTGWGNTPANAPNAMKPNSKSMQDGWGESDGPVTGARHPSWEEEEDGGVWNTTGSQGSASSHNSASWGQGGKKQMKCSLKGGNNDSWMNPLAKQFSNMGLLSQTEDNPSSKMDLSVGSLSDKKFDVDKRAMNLGDFNDIMRKDRSGFRPPNSKDMGTTDSGPYFEKLTLPFSNQDGCLGDEAPCSPFSPSPSYKLSPSGSTLPNVSLGAIGTGLNPQNFAARQGGSHGLFGNSTAQSRGLHTPVQPLNSSPSLRAQVPPQFISPQVSASMLKQFPNSGLSPGLFNVGPQLSPQQIAMLSQLPQIPQFQLACQLLLQQQQQQQLLQNQRKISQAVRQQQEQQLARMVSALQQQQQQQQRQPGMKHSPSHPVGPKPHLDNMVPNALNVGLPDLQTKGPIPGYGSGFSSGGMDYGMVGGKEAGTESRFKQWTSMMEGLPSVATQEANMHKNGAIVAPGKTRGGSPYNQFDIIPGDTLGGHTGPAGDSWLPAKSPPTNKIGSKSSNASWPPEFQPGVPWKGIQNIDPESDPYVTPGSVLGGTATSPIVDTDHQLLRDNTTGSNSSLNTSLPSPGAWPYSASDNSFTNVHSTSAKFPDYKSTWSPDPIGHNPTHLSNKMWKNHISSRNTTPLPRPPPGLTNPKPSSPWSSTAPRSVRGWGTQDSRLASASTWSDGGSVRPSYWLVLHNLTPQIDGSTLRTICMQHGPLLTFHLNLTQGTALIRYSTKQEAAKAQTALHMCVLGNTTILAEFATDDEVSRFLAQAQPPTPAATPSAPAAGWQSLETGQNQSDPVGPALNLFGGSTGLGQWSSSAGGSSGADLAGASLWGPPNYSSSLWGVPTVEDPHRMGSPAPLLPGDLLGGGSDSI	MREKGRRKKGRTWAEAAKTVLEKYPNTPMSHKEILQVIQREGLKEIRS	GTSPLACLNAMLHTNSRGEEGIFYKVPGRMGVYTLKKDVPDGVKELSEGSEESSDGQSDSQSSENSSSSSDGGSNKEGKKSRWKRKVSSSSPQSGCPSPTIPAGKVISPSQKHSKKALKQALKQQQQKKQQQQCRPSISISSNQHLSLKTVKAASDSVPAKPATWEGKQSDGQTGSPQNSNSSFSSSVKVENTLLGLGKKSFQRSERLHTRQMKRTKCADIDVETPDSILVNTNLRALINKHTFSVLPGDCQQRLLLLLPEVDRQVGPDGLMKLNGSALNNEFFTSAAQGWKERLSEGEFTPEMQVRIRQEIEKEKKVEPWKEQFFESYYGQSSGLSLEDSKKLTASPSDPKVKKTPAEQPKSMPVSEASLIRIVPVVSQSECKEEALQMSSPGRKEECESQGEVQPNFSTSSEPLLSSALNTHELSSILPIKCPKDEDLLEQKPVTSAEQESEKNHLTTASNYNKSESQESLVTSPSKPKSPGVEKPIVKPTAGAGPQETNMKEPLATLVDQSPESLKRKSSLTQEEAPVSWEKRPRVTENRQHQQPFQVSPQPFLNRGDRIQVRKVPPLKIPVSRISPMPFHPSQVSPRARFPVSITSPNRTGARTLADIKAKAQLVKAQRAAAAAAAAAAAAASVGGTIPGPGPGGGQGPGEGGEGQTARGGSPGSDRVSETGKGPTLELAGTGSRGGTRELLPCGPETQPQSETKTTPSQAQPHSVSGAQLQQTPPVPPTPAVSGACTSVPSPAHIEKLDNEKLNPTRATATVASVSHPQGPSSCRQEKAPSPTGPALISGASPVHCAADGTVELKAGPSKNIPNPSASSKTDASVPVAVTPSPLTSLLTTATLEKLPVPQVSATTAPAGSAPPSSTLPAASSLKTPGTSLNMNGPTLRPTSSIPANNPLVTQLLQGKDVPMEQILPKPLTKVEMKTVPLTAKEERGMGALIATNTTENSTREEVNERQSHPATQQQLGKTLQSKQLPQVPRPLQLFSAKELRDSSIDTHQYHEGLSKATQDQILQTLIQRVRRQNLLSVVPPSQFNFAHSGFQLEDISTSQRFMLGFAGRRTSKPAMAGHYLLNISTYGRGSESFRRTHSVNPEDRFCLSSPTEALKMGYTDCKNATGESSSSKEDDTDEESTGDEQESVTVKEEPQVSQSAGKGDTSSGPHSRETLSTSDCLASKNVKAEIPLNEQTTLSKENYLFTRGQTFDEKTLARDLIQAAQKQMAHAVRGKAIRSSPELFSSTVLPLPADSPTHQPLLLPPLQTPKLYGSPTQIGPSYRGMINVSTSSDMDHNSAVPGSQVSSNVGDVMSFSVTVTTIPASQAMNPSSHGQTIPVQAFSEENSIEGTPSKCYCRLKAMIMCKGCGAFCHDDCIGPSKLCVSCLVVR
